pair_cnt,gap_mean_s,gap_p50_s,gap_p90_s,gap_p99_s,gap_max_s
1158774,22716.668621382734,1085.7640000000001,64472.222200000004,327894.2551700007,1375427.176
