pair_cnt,gap_mean_s,gap_p50_s,gap_p90_s,gap_p99_s,gap_max_s
322251100,217.82291741944624,0.0,61.548,2883.463009999991,2416210.96
