tab,exposures,clicks,ctr,active_users,active_user_ratio
1,1178025,208847.0,0.17728571125400563,27000,0.9895547003848268
2,764,87.0,0.11387434554973822,190,0.006963533076782115
11,6755,0.0,0.0,304,0.011141652922851384
14,515,0.0,0.0,38,0.001392706615356423
