log_name,hhi,gini_approx,top1pct_exposure_share
standard,1.3791231205651921e-06,0.531399810191846,0.4411059153098338
