user_cnt,expo_min,expo_p50,expo_p90,expo_max,click_min,click_p50,click_p90,click_max,ctr_min,ctr_p50,ctr_p90,ctr_max
27285,100,8594.0,24587.40000000002,228000,10.0,3806.0,8641.0,83260.0,0.0008154611432765229,0.4698015122873346,0.7177900708685787,0.9958753437213566
