log_name,hhi,gini_approx,top1pct_exposure_share
random,0.00013699670844205284,0.08080947887577361,0.012700885874985983
