key,distinct_cnt,total_cnt,uniqueness_ratio,duplicate_ratio
user_id+time_ms,13487434,68148288,0.1979130275437,0.8020869724563
video_id+time_ms,67716342,68148288,0.993661674963867,0.0063383250361329635
user_id+video_id+time_ms,67716493,68148288,0.9936638907201895,0.006336109279810542
user_id,26858,68148288,0.00039411114773712293,0.9996058888522629
video_id,10221515,68148288,0.1499893144784503,0.8500106855215497
