key,distinct_cnt,total_cnt,uniqueness_ratio,duplicate_ratio
user_id+time_ms,18086960,92919789,0.1946513244880485,0.8053486755119514
video_id+time_ms,92133844,92919789,0.9915416833329228,0.008458316667077193
user_id+video_id+time_ms,92134109,92919789,0.9915445352550252,0.008455464744974828
user_id,27285,92919789,0.0002936403568458383,0.9997063596431541
video_id,13347412,92919789,0.143644450161203,0.856355549838797
