key,distinct_cnt,total_cnt,uniqueness_ratio,duplicate_ratio
user_id+time_ms,17757297,93062020,0.190811428765462,0.809188571234538
video_id+time_ms,92234103,93062020,0.9911035995135287,0.008896400486471334
user_id+video_id+time_ms,92234377,93062020,0.991106543786606,0.008893456213393991
user_id,27285,93062020,0.00029319157267379325,0.9997068084273262
video_id,13214491,93062020,0.14199660613427476,0.8580033938657252
