key,distinct_cnt,total_cnt,uniqueness_ratio,duplicate_ratio
user_id+time_ms,13635513,68148288,0.20008592145410903,0.7999140785458909
video_id+time_ms,67718362,68148288,0.9936913162073858,0.006308683792614178
user_id+video_id+time_ms,67718499,68148288,0.9936933265293473,0.006306673470652724
user_id,26857,68148288,0.0003940964738541928,0.9996059035261458
video_id,10414229,68148288,0.15281717715344514,0.8471828228465549
