key,distinct_cnt,total_cnt,uniqueness_ratio,duplicate_ratio
user_id+time_ms,1186049,1186059,0.9999915687162274,8.431283772591947e-06
video_id+time_ms,1186048,1186059,0.9999907255878502,9.274412149817834e-06
user_id+video_id+time_ms,1186049,1186059,0.9999915687162274,8.431283772591947e-06
user_id,27285,1186059,0.023004757773432857,0.9769952422265672
video_id,7583,1186059,0.006393442484733053,0.9936065575152669
