video_type,count,ratio
NORMAL,32012925,0.9991947245091682
AD,23901,0.0007460034692391785
UNKNOWN,1899,5.9272021592619556e-05
